first_name,last_name,email,phone
Raju,Rahman,raju.rahman@email.com,123456789
Sara,Hossain,sara.hossain@email.com,198765432
Ahsan,Kabir,ahsan.kabir@email.com,176543210
Mim,Islam,mim.islam@email.com,165432109
Hasan,Ali,hasan.ali@email.com,189234567
Tania,Sultana,tanya.sultana@email.com,156789234
Sohel,Mia,sohel.mia@email.com,171234567
Mousumi,Khan,mousumi.khan@email.com,193456789
Raihan,Ahmed,raihan.ahmed@email.com,162345678
Parvez,Rahman,parvez.rahman@email.com,178765432
Sifat,Rahman,sifat.rahman@email.com,182345678
Sujon,Sarker,sujon.sarker@email.com,161234567
Mehedi,Hasan,mehedi.hasan@email.com,179876543
Rina,Begum,rina.begum@email.com,181234567
Mahfuj,Alam,mahfuj.alam@email.com,192345678
Nusrat,Jahan,nusrat.jahan@email.com,176543210
Touhid,Siddique,touhid.siddique@email.com,198765432
Rahul,Khan,rahul.khan@email.com,182345678
Shamim,Ahmed,shamim.ahmed@email.com,171234567
Farhana,Rahman,farhana.rahman@email.com,193456789
Zahid,Hossain,zahid.hossain@email.com,176543210
Sajib,Mia,sajib.mia@email.com,189234567
Nadia,Akter,nadia.akter@email.com,156789234
Alamin,Sultana,alamin.sultana@email.com,165432109
Sadik,Hossain,sadik.hossain@email.com,198765432
Ali,Reza,ali.reza@email.com,171234567
Rima,Chowdhury,rima.chowdhury@email.com,192345678
Mohammad,Abid,mohammad.abid@email.com,179876543
Sumaya,Sultana,sumaya.sultana@email.com,181234567
Tapas,Roy,tapas.roy@email.com,161234567
Salim,Ahmed,salim.ahmed@email.com,172345678
Pritom,Bagchi,pritom.bagchi@email.com,189876543
Delwar,Hossain,delwar.hossain@email.com,193456789
Nipa,Siddique,nipa.siddique@email.com,156789234
Arpita,Saha,arpita.saha@email.com,198765432
Monirul,Islam,monirul.islam@email.com,179876543
Rubayet,Hossain,rubayet.hossain@email.com,182345678
Reema,Begum,reema.begum@email.com,171234567
Zainal,Abedin,zainal.abedin@email.com,165432109
Shirin,Akter,shirin.akter@email.com,192345678
Sohel,Rana,sohel.rana@email.com,172345678
Ruma,Sarkar,ruma.sarkar@email.com,183456789
Saiful,Islam,saiful.islam@email.com,194567890
Moni,Chowdhury,moni.chaudhury@email.com,173456789
Rofique,Mia,rofique.mia@email.com,184567890
Rozina,Akter,rozina.akter@email.com,195678901
Imran,Hossain,imran.hossain@email.com,174567890
Sharmin,Begum,sharmin.begum@email.com,185678901
Tanveer,Ahmed,tanveer.ahmed@email.com,196789012
Sadiya,Rahman,sadiya.rahman@email.com,175678901
Farhan,Alam,farhan.alam@email.com,186789012
Noor,Islam,noor.islam@email.com,197890123
Mehedi,Sultana,mehedi.sultana@email.com,176789012
Sanjida,Rahman,sanjida.rahman@email.com,187890123
Rahat,Hossain,rahat.hossain@email.com,198901234
Shamima,Akter,shamima.akter@email.com,177890123
Imran,Siddiqi,imran.siddiqi@email.com,188901234
Rubel,Mia,rubel.mia@email.com,199012345
Selina,Begum,selina.begum@email.com,178901234
Sumon,Ahmed,sumon.ahmed@email.com,189012345
Tanya,Rahman,tanya.rahman@email.com,190123456
Sohan,Islam,sohan.islam@email.com,179012345
Rumana,Sultana,rumana.sultana@email.com,180123456
Saif,Ahmed,saif.ahmed@email.com,191234567
Mitu,Akter,mitu.aktar@email.com,170123456
Reza,Siddiqi,reza.siddiqi@email.com,181234567
Sanjana,Rahman,sanjana.rahman@email.com,192345678
Rashed,Hossain,rashed.hossain@email.com,171234567
Muna,Begum,muna.begum@email.com,182345678
Sohel,Ahmed,sohel.ahmed@email.com,193456789
Rumana,Sultana,rumana.sultana@email.com,172345678
Sima,Akter,sima.aktar@email.com,183456789
Sajib,Rahman,sajib.rahman@email.com,194567890
Mehedi,Siddiqi,mehedi.siddiqi@email.com,173456789
Rifat,Ahmed,rifat.ahmed@email.com,184567890
Sadik,Sultana,sadik.sultana@email.com,195678901
Rozina,Rahman,rozina.rahman@email.com,174567890
Selim,Hossain,selim.hossain@email.com,185678901
Tanveer,Siddiqi,tanveer.siddiqi@email.com,196789012
Sumaiya,Akter,sumaiya.aktar@email.com,175678901
Anika,Rahman,anika.rahman@email.com,172345678
Rifat,Chowdhury,rifat.chowdhury@email.com,183456789
Nafisa,Islam,nafisa.islam@email.com,194567890
Shuvo,Hossain,shuvo.hossain@email.com,173456789
Tanjila,Akter,tanjila.akter@email.com,184567890
Nabil,Rahman,nabil.rahman@email.com,195678901
Meem,Sultana,meem.sultana@email.com,174567890
Rohan,Mia,rohan.mia@email.com,185678901
Sohana,Islam,sohana.islam@email.com,196789012
Fahim,Chowdhury,fahim.chowdhury@email.com,175678901
Rupa,Akter,rupa.akter@email.com,186789012
Sifat,Rahman,sifat.rahman@email.com,197890123
Emon,Hossain,emon.hossain@email.com,176789012
Sumi,Sultana,sumi.sultana@email.com,187890123
Nabila,Rahman,nabila.rahman@email.com,198901234
Rifat,Islam,rifat.islam@email.com,177890123
Sumi,Chowdhury,sumi.chowdhury@email.com,188901234
Arif,Hossain,arif.hossain@email.com,199012345
Nisha,Akter,nisha.akter@email.com,178901234
Rifat,Rahman,rifat.rahman@email.com,189012345
Nabila,Sultana,nabila.sultana@email.com,190123456
Ria,Chowdhury,ria.chowdhury@email.com,179012345
Arman,Hossain,arman.hossain@email.com,180123456
Sifat,Akter,sifat.akter@email.com,191234567
Rupa,Rahman,rupa.rahman@email.com,170123456
Meem,Sultana,meem.sultana@email.com,181234567
Rifat,Islam,rifat.islam@email.com,192345678
Nabil,Chowdhury,nabil.chowdhury@email.com,171234567
Sohana,Hossain,sohana.hossain@email.com,182345678
Fahim,Akter,fahim.akter@email.com,193456789
Rupa,Rahman,rupa.rahman@email.com,172345678
Sifat,Sultana,sifat.sultana@email.com,183456789
Emon,Chowdhury,emon.chowdhury@email.com,194567890
Sumi,Hossain,sumi.hossain@email.com,173456789
Nabila,Akter,nabila.akter@email.com,184567890
Rifat,Rahman,rifat.rahman@email.com,195678901
Nabil,Sultana,nabil.sultana@email.com,174567890
Rupa,Chowdhury,rupa.chowdhury@email.com,185678901
Meem,Hossain,meem.hossain@email.com,196789012
Sifat,Akter,sifat.akter@email.com,175678901
